{"istanbul": [40.84706035607121, 41.615442324681084, 27.95196533203125, 30.009155273437496], "milan": [44.46123053905879, 46.72480037466718, 8.1793212890625, 11.865234374999998], "wuhan": [29.93312, 31.454347, 113.53898, 115.181099], "london": [51.1250115157, 51.8933934843, -1.1526639707, 0.9045259707], "barcelona": [40.9992880157, 41.7676699843, 1.1223435293, 3.1795334707], "paris": [48.4849910157, 49.2533729843, 1.3415960293, 3.3987859707], "new york": [40.328609015695065, 41.09699098430494, -75.03459497070313, -72.97740502929688], "los angeles": [33.66800901569506, 34.436390984304936, -119.27229497070313, -117.21510502929688], "moscow": [55.371609015695064, 56.13999098430494, 36.588705029296875, 38.645894970703125], "tokyo": [35.29620901569506, 36.064590984304935, 138.74040502929688, 140.79759497070313], "kiev": [50.071748015695064, 50.84012998430494, 29.530153029296876, 31.587342970703126], "minsk": [53.132218031390124, 54.66898196860987, 25.501810058593755, 29.616189941406247], "stockholm": [58.56091803139013, 60.097681968609876, 16.011410058593754, 20.125789941406246], "seoul": [36.798118031390125, 38.33488196860987, 124.92081005859374, 129.03518994140623], "hong kong": [21.764951031390126, 23.301714968609872, 111.67614305859375, 115.79052294140625], "ankara": [39.165018031390126, 40.70178196860987, 30.80251005859375, 34.91688994140624]}